{
  "@context": "https://schema.org",
  "@type": "Organization",
  "name": "CryptoTracker",
  "url": "https://cryptotracker.vercel.app",
  "logo": "https://cryptotracker.vercel.app/logo.png",
  "sameAs": [
    "https://twitter.com/cryptotracker",
    "https://facebook.com/cryptotracker",
    "https://linkedin.com/company/cryptotracker"
  ],
  "contactPoint": {
    "@type": "ContactPoint",
    "telephone": "",
    "contactType": "customer service",
    "email": "support@cryptotracker.vercel.app",
    "availableLanguage": "English"
  }
}
